{
  "syl": {
    "OMG": 50,
    "nind": 6,
    "lwsg": 1,
    "twsg": [
      0.0,
      1.0,
      2.0,
      3.0,
      4.0,
      5.0
    ]
  },
  "nmax": 1000000,
  "lmax": 15,
  "ferr": 1e-10,
  "filter": true,
  "nind": 6,
  "nmod": 1,
  "read_rho0": true,
  "rho0": {
    "if_initial": true,
    "real": [
      1.0,
      0.0,
      0.0,
      0.0
    ],
    "imag": [
      0.0,
      0.0,
      0.0,
      0.0
    ]
  },
  "equilibrium": {
    "sc2": true,
    "dt-method": false,
    "OMG": 50,
    "ti": 0,
    "tf": 0,
    "dt": 0.001
  },
  "expn": {
    "if_initial": true,
    "real": [
      44.30686904317069,
      44.30686904317414,
      23.01509615921425,
      23.015096159215005,
      5.994132593815389,
      0.7847704110558045
    ],
    "imag": [
      32.13429579416717,
      -32.134295794166455,
      7.0553444170913995,
      -7.055344417091311,
      -7.737619514957643e-13,
      1.2951919496358478e-13
    ]
  },
  "ham1": {
    "if_initial": true,
    "real": [
      0.5,
      0.0,
      0.0,
      -0.5
    ],
    "imag": [
      0.0,
      0.0,
      0.0,
      0.0
    ]
  },
  "coef_abs": {
    "if_initial": true,
    "real": [
      7.290545506295465,
      3.678322954782811,
      15.750201277932682,
      9.821799138250338,
      5.527248643003395,
      0.3707901520345817
    ],
    "imag": [
      0.0,
      0.0,
      0.0,
      0.0,
      0.0,
      0.0
    ]
  },
  "spectrum": true,
  "spectrum-data": {
    "dipole": {
      "sdip_cub": {
        "if_initial": true,
        "real": [
          0.0,
          1.0,
          1.0,
          0.0
        ],
        "imag": [
          0.0,
          0.0,
          0.0,
          0.0
        ]
      },
      "bdip1_cub": {
        "if_initial": true,
        "real": [
          0.0,
          0.0,
          0.0,
          0.0,
          0.0,
          0.0
        ],
        "imag": [
          0.0,
          0.0,
          0.0,
          0.0,
          0.0,
          0.0
        ]
      },
      "qmdta_l": {
        "if_initial": true,
        "if_dense": false,
        "length": 0,
        "i": [],
        "j": [],
        "real": [],
        "imag": [],
        "k": []
      },
      "qmdta_r": {
        "if_initial": true,
        "if_dense": false,
        "length": 0,
        "i": [],
        "j": [],
        "real": [],
        "imag": [],
        "k": []
      },
      "qmdtc_l": {
        "if_initial": true,
        "if_dense": false,
        "length": 0,
        "i": [],
        "j": [],
        "real": [],
        "imag": [],
        "k": []
      },
      "qmdtc_r": {
        "if_initial": true,
        "if_dense": false,
        "length": 0,
        "i": [],
        "j": [],
        "real": [],
        "imag": [],
        "k": []
      }
    },
    "dipole1": {
      "sdip_cub": {
        "if_initial": true,
        "real": [
          0.0,
          1.0,
          1.0,
          0.0
        ],
        "imag": [
          0.0,
          0.0,
          0.0,
          0.0
        ]
      },
      "bdip1_cub": {
        "if_initial": true,
        "real": [
          0.0,
          0.0,
          0.0,
          0.0,
          0.0,
          0.0
        ],
        "imag": [
          0.0,
          0.0,
          0.0,
          0.0,
          0.0,
          0.0
        ]
      },
      "qmdta_l": {
        "if_initial": true,
        "if_dense": false,
        "length": 0,
        "i": [],
        "j": [],
        "real": [],
        "imag": [],
        "k": []
      },
      "qmdta_r": {
        "if_initial": true,
        "if_dense": false,
        "length": 0,
        "i": [],
        "j": [],
        "real": [],
        "imag": [],
        "k": []
      },
      "qmdtc_l": {
        "if_initial": true,
        "if_dense": false,
        "length": 0,
        "i": [],
        "j": [],
        "real": [],
        "imag": [],
        "k": []
      },
      "qmdtc_r": {
        "if_initial": true,
        "if_dense": false,
        "length": 0,
        "i": [],
        "j": [],
        "real": [],
        "imag": [],
        "k": []
      }
    },
    "if-time": true,
    "time": {
      "lcr": "l",
      "Hei": false,
      "noise": true,
      "ti": 0,
      "tf": 50.0,
      "dt": 0.001,
      "filter_ferr": 1e-10
    },
    "file": "prop-pol-1.dat"
  },
  "qmdta_l": {
    "if_initial": true,
    "if_dense": false,
    "length": 12,
    "i": [
      0,
      1,
      0,
      1,
      0,
      1,
      0,
      1,
      0,
      1,
      0,
      1
    ],
    "j": [
      0,
      1,
      0,
      1,
      0,
      1,
      0,
      1,
      0,
      1,
      0,
      1
    ],
    "real": [
      1.3500505088973027,
      -1.3500505088973027,
      0.9589477246939495,
      -0.9589477246939495,
      1.9843261625758932,
      -1.9843261625758932,
      1.5669874870472273,
      -1.5669874870472273,
      1.1755050662378486,
      -1.1755050662378486,
      0.3044627038056475,
      -0.3044627038056475
    ],
    "imag": [
      0.0,
      0.0,
      0.0,
      0.0,
      0.0,
      0.0,
      0.0,
      0.0,
      0.0,
      0.0,
      0.0,
      0.0
    ],
    "k": [
      0,
      0,
      1,
      1,
      2,
      2,
      3,
      3,
      4,
      4,
      5,
      5
    ]
  },
  "qmdta_r": {
    "if_initial": true,
    "if_dense": false,
    "length": 12,
    "i": [
      0,
      1,
      0,
      1,
      0,
      1,
      0,
      1,
      0,
      1,
      0,
      1
    ],
    "j": [
      0,
      1,
      0,
      1,
      0,
      1,
      0,
      1,
      0,
      1,
      0,
      1
    ],
    "real": [
      1.3500505088973027,
      -1.3500505088973027,
      0.9589477246939495,
      -0.9589477246939495,
      1.9843261625758932,
      -1.9843261625758932,
      1.5669874870472273,
      -1.5669874870472273,
      1.1755050662378486,
      -1.1755050662378486,
      0.3044627038056475,
      -0.3044627038056475
    ],
    "imag": [
      0.0,
      0.0,
      0.0,
      0.0,
      0.0,
      0.0,
      0.0,
      0.0,
      0.0,
      0.0,
      0.0,
      0.0
    ],
    "k": [
      0,
      0,
      1,
      1,
      2,
      2,
      3,
      3,
      4,
      4,
      5,
      5
    ]
  },
  "qmdtc_l": {
    "if_initial": true,
    "if_dense": false,
    "length": 12,
    "i": [
      0,
      1,
      0,
      1,
      0,
      1,
      0,
      1,
      0,
      1,
      0,
      1
    ],
    "j": [
      0,
      1,
      0,
      1,
      0,
      1,
      0,
      1,
      0,
      1,
      0,
      1
    ],
    "real": [
      -9.836796391123322,
      9.836796391123322,
      -2.7780765653333845,
      2.7780765653333845,
      31.11370728942287,
      -31.11370728942287,
      -15.369702171664118,
      15.369702171664118,
      -4.553089222887817,
      4.553089222887817,
      0.112864603569922,
      -0.112864603569922
    ],
    "imag": [
      0.33808795817701154,
      -0.33808795817701154,
      -2.1735392670828326,
      2.1735392670828326,
      2.9530933048340366,
      -2.9530933048340366,
      0.8024602233850453,
      -0.8024602233850453,
      -4.635126744735678,
      4.635126744735678,
      -0.002476590176417027,
      0.002476590176417027
    ],
    "k": [
      0,
      0,
      1,
      1,
      2,
      2,
      3,
      3,
      4,
      4,
      5,
      5
    ]
  },
  "qmdtc_r": {
    "if_initial": true,
    "if_dense": false,
    "length": 12,
    "i": [
      0,
      1,
      0,
      1,
      0,
      1,
      0,
      1,
      0,
      1,
      0,
      1
    ],
    "j": [
      0,
      1,
      0,
      1,
      0,
      1,
      0,
      1,
      0,
      1,
      0,
      1
    ],