{
  "syl": {
    "OMG": 50,
    "nind": 8,
    "lwsg": 1,
    "twsg": [
      0.0,
      1.0,
      2.0,
      3.0,
      4.0,
      5.0,
      6.0,
      7.0
    ]
  },
  "nmax": 1000000,
  "lmax": 15,
  "ferr": 1e-10,
  "filter": true,
  "nind": 8,
  "nmod": 1,
  "read_rho0": true,
  "rho0": {
    "if_initial": true,
    "real": [
      1.0,
      0.0,
      0.0,
      0.0
    ],
    "imag": [
      0.0,
      0.0,
      0.0,
      0.0
    ]
  },
  "equilibrium": {
    "sc2": true,
    "dt-method": false,
    "OMG": 50,
    "ti": 0,
    "tf": 0,
    "dt": 0.001
  },
  "expn": {
    "if_initial": true,
    "real": [
      7.019560270511899,
      7.019560270512223,
      5.098328489793784,
      5.098328489794573,
      2.7334971310540555,
      0.1353670655787101,
      0.5298918085315059,
      0.9184831080283099
    ],
    "imag": [
      6.056807139496538,
      -6.05680713949649,
      -2.160093162547589,
      2.160093162546202,
      1.5671533235213265e-12,
      -8.457736650548938e-13,
      4.1389784378622934e-13,
      -1.713921684083552e-13
    ]
  },
  "ham1": {
    "if_initial": true,
    "real": [
      0.5,
      0.0,
      0.0,
      -0.5
    ],
    "imag": [
      0.0,
      0.0,
      0.0,
      0.0
    ]
  },
  "coef_abs": {
    "if_initial": true,
    "real": [
      0.5525891169726129,
      0.5174172443624785,
      1.2300138701793026,
      1.6539958675389872,
      1.624017589671727,
      0.10562654964477237,
      0.39245429082310235,
      0.849176913418612
    ],
    "imag": [
      0.0,
      0.0,
      0.0,
      0.0,
      0.0,
      0.0,
      0.0,
      0.0
    ]
  },
  "spectrum": true,
  "spectrum-data": {
    "dipole": {
      "sdip_cub": {
        "if_initial": true,
        "real": [
          0.0,
          1.0,
          1.0,
          0.0
        ],
        "imag": [
          0.0,
          0.0,
          0.0,
          0.0
        ]
      },
      "bdip1_cub": {
        "if_initial": true,
        "real": [
          0.0,
          0.0,
          0.0,
          0.0,
          0.0,
          0.0,
          0.0,
          0.0
        ],
        "imag": [
          0.0,
          0.0,
          0.0,
          0.0,
          0.0,
          0.0,
          0.0,
          0.0
        ]
      },
      "qmdta_l": {
        "if_initial": true,
        "if_dense": false,
        "length": 0,
        "i": [],
        "j": [],
        "real": [],
        "imag": [],
        "k": []
      },
      "qmdta_r": {
        "if_initial": true,
        "if_dense": false,
        "length": 0,
        "i": [],
        "j": [],
        "real": [],
        "imag": [],
        "k": []
      },
      "qmdtc_l": {
        "if_initial": true,
        "if_dense": false,
        "length": 0,
        "i": [],
        "j": [],
        "real": [],
        "imag": [],
        "k": []
      },
      "qmdtc_r": {
        "if_initial": true,
        "if_dense": false,
        "length": 0,
        "i": [],
        "j": [],
        "real": [],
        "imag": [],
        "k": []
      }
    },
    "dipole1": {
      "sdip_cub": {
        "if_initial": true,
        "real": [
          0.0,
          1.0,
          1.0,
          0.0
        ],
        "imag": [
          0.0,
          0.0,
          0.0,
          0.0
        ]
      },
      "bdip1_cub": {
        "if_initial": true,
        "real": [
          0.0,
          0.0,
          0.0,
          0.0,
          0.0,
          0.0,
          0.0,
          0.0
        ],
        "imag": [
          0.0,
          0.0,
          0.0,
          0.0,
          0.0,
          0.0,
          0.0,
          0.0
        ]
      },
      "qmdta_l": {
        "if_initial": true,
        "if_dense": false,
        "length": 0,
        "i": [],
        "j": [],
        "real": [],
        "imag": [],
        "k": []
      },
      "qmdta_r": {
        "if_initial": true,
        "if_dense": false,
        "length": 0,
        "i": [],
        "j": [],
        "real": [],
        "imag": [],
        "k": []
      },
      "qmdtc_l": {
        "if_initial": true,
        "if_dense": false,
        "length": 0,
        "i": [],
        "j": [],
        "real": [],
        "imag": [],
        "k": []
      },
      "qmdtc_r": {
        "if_initial": true,
        "if_dense": false,
        "length": 0,
        "i": [],
        "j": [],
        "real": [],
        "imag": [],
        "k": []
      }
    },
    "if-time": true,
    "time": {
      "lcr": "l",
      "Hei": false,
      "noise": true,
      "ti": 0,
      "tf": 50.0,
      "dt": 0.001,
      "filter_ferr": 1e-10
    },
    "file": "prop-pol-1.dat"
  },
  "qmdta_l": {
    "if_initial": true,
    "if_dense": false,
    "length": 16,
    "i": [
      0,
      1,
      0,
      1,
      0,
      1,
      0,
      1,
      0,
      1,
      0,
      1,
      0,
      1,
      0,
      1
    ],
    "j": [
      0,
      1,
      0,
      1,
      0,
      1,
      0,
      1,
      0,
      1,
      0,
      1,
      0,
      1,
      0,
      1
    ],
    "real": [
      0.37168169075588486,
      -0.37168169075588486,
      0.3596586035264826,
      -0.3596586035264826,
      0.5545299518915328,
      -0.5545299518915328,
      0.6430388533243904,
      -0.6430388533243904,
      0.6371847435539647,
      -0.6371847435539647,
      0.1625011920300682,
      -0.1625011920300682,
      0.3132308616751797,
      -0.3132308616751797,
      0.4607539781213538,
      -0.4607539781213538
    ],
    "imag": [
      0.0,
      0.0,
      0.0,
      0.0,
      0.0,
      0.0,
      0.0,
      0.0,
      0.0,
      0.0,
      0.0,
      0.0,
      0.0,
      0.0,
      0.0,
      0.0
    ],
    "k": [
      0,
      0,
      1,
      1,
      2,
      2,
      3,
      3,
      4,
      4,
      5,
      5,
      6,
      6,
      7,
      7
    ]
  },
  "qmdta_r": {
    "if_initial": true,
    "if_dense": false,
    "length": 16,
    "i": [
      0,
      1,
      0,
      1,
      0,
      1,
      0,
      1,
      0,
      1,
      0,
      1,
      0,
      1,
      0,
      1
    ],
    "j": [
      0,
      1,
      0,
      1,
      0,
      1,
      0,
      1,
      0,
      1,
      0,
      1,
      0,
      1,
      0,
      1
    ],
    "real": [
      0.37168169075588486,
      -0.37168169075588486,
      0.3596586035264826,
      -0.3596586035264826,
      0.5545299518915328,
      -0.5545299518915328,
      0.6430388533243904,
      -0.6430388533243904,
      0.6371847435539647,
      -0.6371847435539647,
      0.1625011920300682,
      -0.1625011920300682,
      0.3132308616751797,
      -0.3132308616751797,
      0.4607539781213538,
      -0.4607539781213538
    ],
    "imag": [
      0.0,
      0.0,
      0.0,
      0.0,
      0.0,
      0.0,
      0.0,
      0.0,
      0.0,
      0.0,
      0.0,
      0.0,
      0.0,
      0.0,
      0.0,
      0.0
    ],
    "k": [
      0,
      0,
      1,
      1,
      2,
      2,
      3,
      3,
      4,
      4,
      5,
      5,
      6,
      6,
      7,
      7
    ]
  },
  "qmdtc_l": {
    "if_initial": true,
    "if_dense": false,
    "length": 16,
    "i": [
      0,
      1,
      0,
      1,
      0,
      1,
      0,
      1,
      0,
      1,
      0,
      1,
      0,
      1,
      0,
      1
    ],
    "j": [
      0,
      1,
      0,
      1,
      0,
      1,
      0,
      1,
      0,
      1,
      0,
      1,
      0,
      1,
      0,
      1
    ],
    "real": [
      0.18525695162435551,
      -0.18525695162435551,
      -0.14576052942091722,
      0.14576052942091722,
      0.5384798550974612,
      -0.5384798550974612,
      -1.0338454492426996,
      1.0338454492426996,
      0.9163689371994755,
      -0.9163689371994755,
      0.004799331400378604,
      -0.004799331400378604,
      -0.11147007501453138,
      0.11147007501453138,
      -0.0787409664884196,
      0.0787409664884196
    ],