{
  "syl": {
    "OMG": 50,
    "nind": 10,
    "lwsg": 1,
    "twsg": [
      0.0,
      1.0,
      2.0,
      3.0,
      4.0,
      5.0,
      6.0,
      7.0,
      8.0,
      9.0
    ]
  },
  "nmax": 1000000,
  "lmax": 15,
  "ferr": 1e-10,
  "filter": true,
  "nind": 10,
  "nmod": 1,
  "read_rho0": true,
  "rho0": {
    "if_initial": true,
    "real": [
      1.0,
      0.0,
      0.0,
      0.0
    ],
    "imag": [
      0.0,
      0.0,
      0.0,
      0.0
    ]
  },
  "equilibrium": {
    "sc2": true,
    "dt-method": false,
    "OMG": 50,
    "ti": 0,
    "tf": 0,
    "dt": 0.001
  },
  "expn": {
    "if_initial": true,
    "real": [
      8.600621797934215,
      8.600621797934172,
      6.5900375634248,
      6.590037563424822,
      4.345444059445524,
      4.345444059445298,
      0.8789953005230013,
      0.42441382711996084,
      2.614233824800637,
      0.15169381288156195
    ],
    "imag": [
      -7.903155269170817,
      7.90315526917075,
      -3.69108904885185,
      3.6910890488518207,
      1.194873347343728,
      -1.1948733473435305,
      3.927243443224325e-13,
      3.325460005991108e-13,
      6.389208637752387e-14,
      6.159388863331335e-14
    ]
  },
  "ham1": {
    "if_initial": true,
    "real": [
      0.5,
      0.0,
      0.0,
      -0.5
    ],
    "imag": [
      0.0,
      0.0,
      0.0,
      0.0
    ]
  },
  "coef_abs": {
    "if_initial": true,
    "real": [
      0.36423705399666934,
      0.37237334349118395,
      0.9972636471186326,
      0.7267634121670307,
      2.3045277635541592,
      1.9512902190329893,
      0.7114412302105875,
      0.2962564511658632,
      1.921918303609708,
      0.14220263200676486
    ],
    "imag": [
      0.0,
      0.0,
      0.0,
      0.0,
      0.0,
      0.0,
      0.0,
      0.0,
      0.0,
      0.0
    ]
  },
  "spectrum": true,
  "spectrum-data": {
    "dipole": {
      "sdip_cub": {
        "if_initial": true,
        "real": [
          0.0,
          1.0,
          1.0,
          0.0
        ],
        "imag": [
          0.0,
          0.0,
          0.0,
          0.0
        ]
      },
      "bdip1_cub": {
        "if_initial": true,
        "real": [
          0.0,
          0.0,
          0.0,
          0.0,
          0.0,
          0.0,
          0.0,
          0.0,
          0.0,
          0.0
        ],
        "imag": [
          0.0,
          0.0,
          0.0,
          0.0,
          0.0,
          0.0,
          0.0,
          0.0,
          0.0,
          0.0
        ]
      },
      "qmdta_l": {
        "if_initial": true,
        "if_dense": false,
        "length": 0,
        "i": [],
        "j": [],
        "real": [],
        "imag": [],
        "k": []
      },
      "qmdta_r": {
        "if_initial": true,
        "if_dense": false,
        "length": 0,
        "i": [],
        "j": [],
        "real": [],
        "imag": [],
        "k": []
      },
      "qmdtc_l": {
        "if_initial": true,
        "if_dense": false,
        "length": 0,
        "i": [],
        "j": [],
        "real": [],
        "imag": [],
        "k": []
      },
      "qmdtc_r": {
        "if_initial": true,
        "if_dense": false,
        "length": 0,
        "i": [],
        "j": [],
        "real": [],
        "imag": [],
        "k": []
      }
    },
    "dipole1": {
      "sdip_cub": {
        "if_initial": true,
        "real": [
          0.0,
          1.0,
          1.0,
          0.0
        ],
        "imag": [
          0.0,
          0.0,
          0.0,
          0.0
        ]
      },
      "bdip1_cub": {
        "if_initial": true,
        "real": [
          0.0,
          0.0,
          0.0,
          0.0,
          0.0,
          0.0,
          0.0,
          0.0,
          0.0,
          0.0
        ],
        "imag": [
          0.0,
          0.0,
          0.0,
          0.0,
          0.0,
          0.0,
          0.0,
          0.0,
          0.0,
          0.0
        ]
      },
      "qmdta_l": {
        "if_initial": true,
        "if_dense": false,
        "length": 0,
        "i": [],
        "j": [],
        "real": [],
        "imag": [],
        "k": []
      },
      "qmdta_r": {
        "if_initial": true,
        "if_dense": false,
        "length": 0,
        "i": [],
        "j": [],
        "real": [],
        "imag": [],
        "k": []
      },
      "qmdtc_l": {
        "if_initial": true,
        "if_dense": false,
        "length": 0,
        "i": [],
        "j": [],
        "real": [],
        "imag": [],
        "k": []
      },
      "qmdtc_r": {
        "if_initial": true,
        "if_dense": false,
        "length": 0,
        "i": [],
        "j": [],
        "real": [],
        "imag": [],
        "k": []
      }
    },
    "if-time": true,
    "time": {
      "lcr": "l",
      "Hei": false,
      "noise": true,
      "ti": 0,
      "tf": 50.0,
      "dt": 0.001,
      "filter_ferr": 1e-10
    },
    "file": "prop-pol-1.dat"
  },
  "qmdta_l": {
    "if_initial": true,
    "if_dense": false,
    "length": 20,
    "i": [
      0,
      1,
      0,
      1,
      0,
      1,
      0,
      1,
      0,
      1,
      0,
      1,
      0,
      1,
      0,
      1,
      0,
      1,
      0,
      1
    ],
    "j": [
      0,
      1,
      0,
      1,
      0,
      1,
      0,
      1,
      0,
      1,
      0,
      1,
      0,
      1,
      0,
      1,
      0,
      1,
      0,
      1
    ],
    "real": [
      0.3017602748858228,
      -0.3017602748858228,
      0.3051120054550394,
      -0.3051120054550394,
      0.49931544316159315,
      -0.49931544316159315,
      0.42625210033706307,
      -0.42625210033706307,
      0.7590335571557688,
      -0.7590335571557688,
      0.698442950253095,
      -0.698442950253095,
      0.42173487827383555,
      -0.42173487827383555,
      0.2721472263159516,
      -0.2721472263159516,
      0.6931663407165894,
      -0.6931663407165894,
      0.1885488212683686,
      -0.1885488212683686
    ],
    "imag": [
      0.0,
      0.0,
      0.0,
      0.0,
      0.0,
      0.0,
      0.0,
      0.0,
      0.0,
      0.0,
      0.0,
      0.0,
      0.0,
      0.0,
      0.0,
      0.0,
      0.0,
      0.0,
      0.0,
      0.0
    ],
    "k": [
      0,
      0,
      1,
      1,
      2,
      2,
      3,
      3,
      4,
      4,
      5,
      5,
      6,
      6,
      7,
      7,
      8,
      8,
      9,
      9
    ]
  },
  "qmdta_r": {
    "if_initial": true,
    "if_dense": false,
    "length": 20,
    "i": [
      0,
      1,
      0,
      1,
      0,
      1,
      0,
      1,
      0,
      1,
      0,
      1,
      0,
      1,
      0,
      1,
      0,
      1,
      0,
      1
    ],
    "j": [
      0,
      1,
      0,
      1,
      0,
      1,
      0,
      1,
      0,
      1,
      0,
      1,
      0,
      1,
      0,
      1,
      0,
      1,
      0,
      1
    ],
    "real": [
      0.3017602748858228,
      -0.3017602748858228,
      0.3051120054550394,
      -0.3051120054550394,
      0.49931544316159315,
      -0.49931544316159315,
      0.42625210033706307,
      -0.42625210033706307,
      0.7590335571557688,
      -0.7590335571557688,
      0.698442950253095,
      -0.698442950253095,
      0.42173487827383555,
      -0.42173487827383555,
      0.2721472263159516,
      -0.2721472263159516,
      0.6931663407165894,
      -0.6931663407165894,
      0.1885488212683686,
      -0.1885488212683686
    ],
    "imag": [
      0.0,
      0.0,
      0.0,
      0.0,
      0.0,
      0.0,
      0.0,
      0.0,
      0.0,
      0.0,
      0.0,
      0.0,
      0.0,
      0.0,
      0.0,
      0.0,
      0.0,
      0.0,
      0.0,
      0.0
    ],
    "k": [
      0,
      0,
      1,
      1,
      2,
      2,
      3,
      3,
      4,
      4,
      5,
      5,
      6,
      6,
      7,
      7,
      8,
      8,
      9,
      9
    ]
  },
  "qmdtc_l": {
    "if_initial": true,
    "if_dense": false,
    "length": 20,