{
  "syl": {
    "OMG": 50,
    "nind": 5,
    "lwsg": 1,
    "twsg": [
      0.0,
      1.0,
      2.0,
      3.0,
      4.0
    ]
  },
  "nmax": 1000000,
  "lmax": 15,
  "ferr": 1e-10,
  "filter": true,
  "nind": 5,
  "nmod": 1,
  "read_rho0": true,
  "rho0": {
    "if_initial": true,
    "real": [
      1.0,
      0.0,
      0.0,
      0.0
    ],
    "imag": [
      0.0,
      0.0,
      0.0,
      0.0
    ]
  },
  "equilibrium": {
    "sc2": true,
    "dt-method": false,
    "OMG": 50,
    "ti": 0,
    "tf": 0,
    "dt": 0.001
  },
  "expn": {
    "if_initial": true,
    "real": [
      4.2049702587856475,
      4.204970258785513,
      0.7130714784930907,
      1.7509619580993623,
      0.1941536172183069
    ],
    "imag": [
      -3.2423244141742043,
      3.242324414174094,
      4.44898744658984e-13,
      4.3624943345405037e-13,
      -3.4295978246682803e-13
    ]
  },
  "ham1": {
    "if_initial": true,
    "real": [
      0.0,
      0.5,
      0.5,
      0.0
    ],
    "imag": [
      0.0,
      0.0,
      0.0,
      0.0
    ]
  },
  "coef_abs": {
    "if_initial": true,
    "real": [
      0.6354242559554965,
      0.9243386765396382,
      0.8416435369370715,
      1.1990023563235872,
      0.28842870097810847
    ],
    "imag": [
      0.0,
      0.0,
      0.0,
      0.0,
      0.0
    ]
  },
  "spectrum": true,
  "spectrum-data": {
    "dipole": {
      "sdip_cub": {
        "if_initial": true,
        "real": [
          0.0,
          1.0,
          1.0,
          0.0
        ],
        "imag": [
          0.0,
          0.0,
          0.0,
          0.0
        ]
      },
      "bdip1_cub": {
        "if_initial": true,
        "real": [
          0.0,
          0.0,
          0.0,
          0.0,
          0.0
        ],
        "imag": [
          0.0,
          0.0,
          0.0,
          0.0,
          0.0
        ]
      },
      "qmdta_l": {
        "if_initial": true,
        "if_dense": false,
        "length": 0,
        "i": [],
        "j": [],
        "real": [],
        "imag": [],
        "k": []
      },
      "qmdta_r": {
        "if_initial": true,
        "if_dense": false,
        "length": 0,
        "i": [],
        "j": [],
        "real": [],
        "imag": [],
        "k": []
      },
      "qmdtc_l": {
        "if_initial": true,
        "if_dense": false,
        "length": 0,
        "i": [],
        "j": [],
        "real": [],
        "imag": [],
        "k": []
      },
      "qmdtc_r": {
        "if_initial": true,
        "if_dense": false,
        "length": 0,
        "i": [],
        "j": [],
        "real": [],
        "imag": [],
        "k": []
      }
    },
    "dipole1": {
      "sdip_cub": {
        "if_initial": true,
        "real": [
          0.0,
          1.0,
          1.0,
          0.0
        ],
        "imag": [
          0.0,
          0.0,
          0.0,
          0.0
        ]
      },
      "bdip1_cub": {
        "if_initial": true,
        "real": [
          0.0,
          0.0,
          0.0,
          0.0,
          0.0
        ],
        "imag": [
          0.0,
          0.0,
          0.0,
          0.0,
          0.0
        ]
      },
      "qmdta_l": {
        "if_initial": true,
        "if_dense": false,
        "length": 0,
        "i": [],
        "j": [],
        "real": [],
        "imag": [],
        "k": []
      },
      "qmdta_r": {
        "if_initial": true,
        "if_dense": false,
        "length": 0,
        "i": [],
        "j": [],
        "real": [],
        "imag": [],
        "k": []
      },
      "qmdtc_l": {
        "if_initial": true,
        "if_dense": false,
        "length": 0,
        "i": [],
        "j": [],
        "real": [],
        "imag": [],
        "k": []
      },
      "qmdtc_r": {
        "if_initial": true,
        "if_dense": false,
        "length": 0,
        "i": [],
        "j": [],
        "real": [],
        "imag": [],
        "k": []
      }
    },
    "if-time": true,
    "time": {
      "lcr": "l",
      "Hei": false,
      "noise": true,
      "ti": 0,
      "tf": 50.0,
      "dt": 0.001,
      "filter_ferr": 1e-10
    },
    "file": "prop-pol-1.dat"
  },
  "qmdta_l": {
    "if_initial": true,
    "if_dense": false,
    "length": 10,
    "i": [
      0,
      1,
      0,
      1,
      0,
      1,
      0,
      1,
      0,
      1
    ],
    "j": [
      0,
      1,
      0,
      1,
      0,
      1,
      0,
      1,
      0,
      1
    ],
    "real": [
      0.39856751496938897,
      -0.39856751496938897,
      0.4807126679575956,
      -0.4807126679575956,
      0.45870566187291373,
      -0.45870566187291373,
      0.5474948301864565,
      -0.5474948301864565,
      0.2685277923130623,
      -0.2685277923130623
    ],
    "imag": [
      0.0,
      0.0,
      0.0,
      0.0,
      0.0,
      0.0,
      0.0,
      0.0,
      0.0,
      0.0
    ],
    "k": [
      0,
      0,
      1,
      1,
      2,
      2,
      3,
      3,
      4,
      4
    ]
  },
  "qmdta_r": {
    "if_initial": true,
    "if_dense": false,
    "length": 10,
    "i": [
      0,
      1,
      0,
      1,
      0,
      1,
      0,
      1,
      0,
      1
    ],
    "j": [
      0,
      1,
      0,
      1,
      0,
      1,
      0,
      1,
      0,
      1
    ],
    "real": [
      0.39856751496938897,
      -0.39856751496938897,
      0.4807126679575956,
      -0.4807126679575956,
      0.45870566187291373,
      -0.45870566187291373,
      0.5474948301864565,
      -0.5474948301864565,
      0.2685277923130623,
      -0.2685277923130623
    ],
    "imag": [
      0.0,
      0.0,
      0.0,
      0.0,
      0.0,
      0.0,
      0.0,
      0.0,
      0.0,
      0.0
    ],
    "k": [
      0,
      0,
      1,
      1,
      2,
      2,
      3,
      3,
      4,
      4
    ]
  },
  "qmdtc_l": {
    "if_initial": true,
    "if_dense": false,
    "length": 10,
    "i": [
      0,
      1,
      0,
      1,
      0,
      1,
      0,
      1,
      0,
      1
    ],
    "j": [
      0,
      1,
      0,
      1,
      0,
      1,
      0,
      1,
      0,
      1
    ],
    "real": [
      0.08511674736562999,
      -0.08511674736562999,
      -0.34331376933210234,
      0.34331376933210234,
      0.31703720192238816,
      -0.31703720192238816,
      0.601583936705961,
      -0.601583936705961,
      0.07692780648748897,
      -0.07692780648748897
    ],
    "imag": [
      0.23852776937800968,
      -0.23852776937800968,
      0.2820901570615708,
      -0.2820901570615708,
      -0.22030632133194725,
      0.22030632133194725,
      -0.26271697212439454,
      0.26271697212439454,
      0.008988266608471141,
      -0.008988266608471141
    ],
    "k": [
      0,
      0,
      1,
      1,
      2,
      2,
      3,
      3,
      4,
      4
    ]
  },
  "qmdtc_r": {
    "if_initial": true,
    "if_dense": false,
    "length": 10,
    "i": [
      0,
      1,
      0,
      1,
      0,
      1,
      0,
      1,
      0,
      1
    ],
    "j": [
      0,
      1,
      0,
      1,
      0,
      1,
      0,
      1,
      0,
      1
    ],
    "real": [
      -0.41407107153448924,
      0.41407107153448924,
      0.07057182541898187,
      -0.07057182541898187,
      0.31703720192238816,
      -0.31703720192238816,
      0.601583936705961,
      -0.601583936705961,
      0.07692780648748897,
      -0.07692780648748897
    ],
    "imag": [
      -0.3402292131511512,
      0.3402292131511512,
      -0.19776766170133686,
      0.19776766170133686,
      0.22030632133194725,
      -0.22030632133194725,
      0.26271697212439454,
      -0.26271697212439454,
      -0.008988266608471141,
      0.008988266608471141
    ],
    "k": [
      0,
      0,
      1,
      1,
      2,
      2,
      3,
      3,
      4,
      4
    ]
  }
}